Workbook

Sheet Clientes
A1: Fecha | B1: Negocio | C1: Rubro | D1: Zona | E1: Resenas | F1: Estrellas | G1: Canal | H1: Contacto | I1: Estado | J1: Nota | K1: Dias desde registro | L1: Accion que toca | M1: Fecha del seguimiento
A2: 2026-09-16 | B2: Fonda El Vecino | C2: Fonda | D2: La Chorrera | E2: 7 | F2: 4.9 | G2: WhatsApp | H2: 6490-2318 | I2: pendiente | J2: top2 fondas 13/51 | K2: =IFERROR(DATEDIF(DATEVALUE(A2),TODAY(),"d"),"") -> 20 | L2: =IF(OR(E2="",H2="",H2="anotado sin numero"),"Sin info, no aplica",IF(I2="no","Cerrado, no volver a tocar",IF(I2="vendido","Cliente, no prospectar",IF(I2="respondio","Atender la conversacion hoy",IF(I2="enviado",IF(K2>=1,"Mandar seguimiento (24-48h)","Esperar respuesta"),"Enviar primer mensaje"))))) -> Enviar primer mensaje | M2: =IF(OR(L2="Sin info, no aplica",L2="Cerrado, no volver a tocar",L2="Cliente, no prospectar"),"",IF(I2="enviado",DATEVALUE(A2)+2,IF(I2="respondio",TODAY(),"")))
A3: 2026-09-16 | B3: Los Olivos Fonda | C3: Fonda | D3: La Chorrera | E3: 1 | F3: 5 | G3: WhatsApp | H3: 6632-4207 | I3: pendiente | J3: top2 fondas 13/51 | K3: =IFERROR(DATEDIF(DATEVALUE(A3),TODAY(),"d"),"") -> 20 | L3: =IF(OR(E3="",H3="",H3="anotado sin numero"),"Sin info, no aplica",IF(I3="no","Cerrado, no volver a tocar",IF(I3="vendido","Cliente, no prospectar",IF(I3="respondio","Atender la conversacion hoy",IF(I3="enviado",IF(K3>=1,"Mandar seguimiento (24-48h)","Esperar respuesta"),"Enviar primer mensaje"))))) -> Enviar primer mensaje | M3: =IF(OR(L3="Sin info, no aplica",L3="Cerrado, no volver a tocar",L3="Cliente, no prospectar"),"",IF(I3="enviado",DATEVALUE(A3)+2,IF(I3="respondio",TODAY(),"")))
A4: 2026-09-16 | B4: Fonda Mis Ángeles | C4: Fonda | D4: La Chorrera | E4: 3 | F4: 5 | G4: WhatsApp | H4: 6819-9842 | I4: pendiente | J4: top2 fondas 13/51 | K4: =IFERROR(DATEDIF(DATEVALUE(A4),TODAY(),"d"),"") -> 20 | L4: =IF(OR(E4="",H4="",H4="anotado sin numero"),"Sin info, no aplica",IF(I4="no","Cerrado, no volver a tocar",IF(I4="vendido","Cliente, no prospectar",IF(I4="respondio","Atender la conversacion hoy",IF(I4="enviado",IF(K4>=1,"Mandar seguimiento (24-48h)","Esperar respuesta"),"Enviar primer mensaje"))))) -> Enviar primer mensaje | M4: =IF(OR(L4="Sin info, no aplica",L4="Cerrado, no volver a tocar",L4="Cliente, no prospectar"),"",IF(I4="enviado",DATEVALUE(A4)+2,IF(I4="respondio",TODAY(),"")))
A5: 2026-09-16 | B5: Fonda donde Luis y Matias | C5: Fonda | D5: La Chorrera | E5: 6 | F5: 4.7 | G5: WhatsApp | H5: 6388-6700 | I5: pendiente | J5: contesta reseñas; top2 13/51 | K5: =IFERROR(DATEDIF(DATEVALUE(A5),TODAY(),"d"),"") -> 20 | L5: =IF(OR(E5="",H5="",H5="anotado sin numero"),"Sin info, no aplica",IF(I5="no","Cerrado, no volver a tocar",IF(I5="vendido","Cliente, no prospectar",IF(I5="respondio","Atender la conversacion hoy",IF(I5="enviado",IF(K5>=1,"Mandar seguimiento (24-48h)","Esperar respuesta"),"Enviar primer mensaje"))))) -> Enviar primer mensaje | M5: =IF(OR(L5="Sin info, no aplica",L5="Cerrado, no volver a tocar",L5="Cliente, no prospectar"),"",IF(I5="enviado",DATEVALUE(A5)+2,IF(I5="respondio",TODAY(),"")))
A6: 2026-09-16 | B6: Fonda Damiana | C6: Fonda | D6: La Chorrera | E6: 2 | F6: 5 | G6: WhatsApp | H6: 6856-5394 | I6: pendiente | J6: ficha sin reclamar | K6: =IFERROR(DATEDIF(DATEVALUE(A6),TODAY(),"d"),"") -> 20 | L6: =IF(OR(E6="",H6="",H6="anotado sin numero"),"Sin info, no aplica",IF(I6="no","Cerrado, no volver a tocar",IF(I6="vendido","Cliente, no prospectar",IF(I6="respondio","Atender la conversacion hoy",IF(I6="enviado",IF(K6>=1,"Mandar seguimiento (24-48h)","Esperar respuesta"),"Enviar primer mensaje"))))) -> Enviar primer mensaje | M6: =IF(OR(L6="Sin info, no aplica",L6="Cerrado, no volver a tocar",L6="Cliente, no prospectar"),"",IF(I6="enviado",DATEVALUE(A6)+2,IF(I6="respondio",TODAY(),"")))
A7: 2026-09-16 | B7: Fonda Genin | C7: Fonda | D7: La Chorrera | E7: 4 | F7: 5 | G7: WhatsApp | H7: 6742-6019 | I7: pendiente | J7: ficha sin reclamar | K7: =IFERROR(DATEDIF(DATEVALUE(A7),TODAY(),"d"),"") -> 20 | L7: =IF(OR(E7="",H7="",H7="anotado sin numero"),"Sin info, no aplica",IF(I7="no","Cerrado, no volver a tocar",IF(I7="vendido","Cliente, no prospectar",IF(I7="respondio","Atender la conversacion hoy",IF(I7="enviado",IF(K7>=1,"Mandar seguimiento (24-48h)","Esperar respuesta"),"Enviar primer mensaje"))))) -> Enviar primer mensaje | M7: =IF(OR(L7="Sin info, no aplica",L7="Cerrado, no volver a tocar",L7="Cliente, no prospectar"),"",IF(I7="enviado",DATEVALUE(A7)+2,IF(I7="respondio",TODAY(),"")))
A8: 2026-09-16 | B8: Diabliko's restaurante | C8: Restaurante | D8: La Chorrera | E8: 14 | F8: 4.9 | G8: WhatsApp | H8: 6075-0745 | I8: pendiente | J8: top2 restaurantes 114/273 | K8: =IFERROR(DATEDIF(DATEVALUE(A8),TODAY(),"d"),"") -> 20 | L8: =IF(OR(E8="",H8="",H8="anotado sin numero"),"Sin info, no aplica",IF(I8="no","Cerrado, no volver a tocar",IF(I8="vendido","Cliente, no prospectar",IF(I8="respondio","Atender la conversacion hoy",IF(I8="enviado",IF(K8>=1,"Mandar seguimiento (24-48h)","Esperar respuesta"),"Enviar primer mensaje"))))) -> Enviar primer mensaje | M8: =IF(OR(L8="Sin info, no aplica",L8="Cerrado, no volver a tocar",L8="Cliente, no prospectar"),"",IF(I8="enviado",DATEVALUE(A8)+2,IF(I8="respondio",TODAY(),"")))
A9: 2026-09-16 | B9: DelyChoza | C9: Restaurante | D9: La Chorrera | E9: 1 | F9: 5 | G9: WhatsApp | H9: 6974-3347 | I9: pendiente | J9: top2 restaurantes 114/273 | K9: =IFERROR(DATEDIF(DATEVALUE(A9),TODAY(),"d"),"") -> 20 | L9: =IF(OR(E9="",H9="",H9="anotado sin numero"),"Sin info, no aplica",IF(I9="no","Cerrado, no volver a tocar",IF(I9="vendido","Cliente, no prospectar",IF(I9="respondio","Atender la conversacion hoy",IF(I9="enviado",IF(K9>=1,"Mandar seguimiento (24-48h)","Esperar respuesta"),"Enviar primer mensaje"))))) -> Enviar primer mensaje | M9: =IF(OR(L9="Sin info, no aplica",L9="Cerrado, no volver a tocar",L9="Cliente, no prospectar"),"",IF(I9="enviado",DATEVALUE(A9)+2,IF(I9="respondio",TODAY(),"")))
A10: 2026-09-16 | B10: XILOKA | C10: Comida rápida | D10: La Chorrera | E10: 13 | F10: 4.7 | G10: WhatsApp | H10: 6545-1152 | I10: pendiente | J10: ficha marcada posible cierre | K10: =IFERROR(DATEDIF(DATEVALUE(A10),TODAY(),"d"),"") -> 20 | L10: =IF(OR(E10="",H10="",H10="anotado sin numero"),"Sin info, no aplica",IF(I10="no","Cerrado, no volver a tocar",IF(I10="vendido","Cliente, no prospectar",IF(I10="respondio","Atender la conversacion hoy",IF(I10="enviado",IF(K10>=1,"Mandar seguimiento (24-48h)","Esperar respuesta"),"Enviar primer mensaje"))))) -> Enviar primer mensaje | M10: =IF(OR(L10="Sin info, no aplica",L10="Cerrado, no volver a tocar",L10="Cliente, no prospectar"),"",IF(I10="enviado",DATEVALUE(A10)+2,IF(I10="respondio",TODAY(),"")))
A11: 2026-09-16 | B11: RiQras Hechas con Amor | C11: Comida rápida | D11: La Chorrera | E11: 8 | F11: 4.4 | G11: WhatsApp | H11: 6922-8108 | I11: pendiente | J11: top2 comida rápida 207/397 | K11: =IFERROR(DATEDIF(DATEVALUE(A11),TODAY(),"d"),"") -> 20 | L11: =IF(OR(E11="",H11="",H11="anotado sin numero"),"Sin info, no aplica",IF(I11="no","Cerrado, no volver a tocar",IF(I11="vendido","Cliente, no prospectar",IF(I11="respondio","Atender la conversacion hoy",IF(I11="enviado",IF(K11>=1,"Mandar seguimiento (24-48h)","Esperar respuesta"),"Enviar primer mensaje"))))) -> Enviar primer mensaje | M11: =IF(OR(L11="Sin info, no aplica",L11="Cerrado, no volver a tocar",L11="Cliente, no prospectar"),"",IF(I11="enviado",DATEVALUE(A11)+2,IF(I11="respondio",TODAY(),"")))
A12: 2026-09-16 | B12: Delirios Zulianos | C12: Restaurante | D12: La Chorrera | E12: 1 | F12: 5 | G12: WhatsApp | H12: 6010-0077 | I12: pendiente | J12: top2 restaurantes 114/273 | K12: =IFERROR(DATEDIF(DATEVALUE(A12),TODAY(),"d"),"") -> 20 | L12: =IF(OR(E12="",H12="",H12="anotado sin numero"),"Sin info, no aplica",IF(I12="no","Cerrado, no volver a tocar",IF(I12="vendido","Cliente, no prospectar",IF(I12="respondio","Atender la conversacion hoy",IF(I12="enviado",IF(K12>=1,"Mandar seguimiento (24-48h)","Esperar respuesta"),"Enviar primer mensaje"))))) -> Enviar primer mensaje | M12: =IF(OR(L12="Sin info, no aplica",L12="Cerrado, no volver a tocar",L12="Cliente, no prospectar"),"",IF(I12="enviado",DATEVALUE(A12)+2,IF(I12="respondio",TODAY(),"")))
A13: 2026-09-16 | B13: Fonda Anyie | C13: Fonda | D13: La Chorrera | E13: 6 | F13: 4.8 | G13: llamada | H13: 254-4159 | I13: pendiente | J13: llamar; ficha sin reclamar | K13: =IFERROR(DATEDIF(DATEVALUE(A13),TODAY(),"d"),"") -> 20 | L13: =IF(OR(E13="",H13="",H13="anotado sin numero"),"Sin info, no aplica",IF(I13="no","Cerrado, no volver a tocar",IF(I13="vendido","Cliente, no prospectar",IF(I13="respondio","Atender la conversacion hoy",IF(I13="enviado",IF(K13>=1,"Mandar seguimiento (24-48h)","Esperar respuesta"),"Enviar primer mensaje"))))) -> Enviar primer mensaje | M13: =IF(OR(L13="Sin info, no aplica",L13="Cerrado, no volver a tocar",L13="Cliente, no prospectar"),"",IF(I13="enviado",DATEVALUE(A13)+2,IF(I13="respondio",TODAY(),"")))
... A100: 2026-09-25 | B100: Clinica Dental La Vision | C100: Clinica dental | D100: La Chorrera | E100: 11 | F100: 5 | G100: llamada | H100: 258-8068 | I100: pendiente | J100: llamar | K100: =IFERROR(DATEDIF(DATEVALUE(A100),TODAY(),"d"),"") -> 11 | L100: =IF(OR(E100="",H100="",H100="anotado sin numero"),"Sin info, no aplica",IF(I100="no","Cerrado, no volver a tocar",IF(I100="vendido","Cliente, no prospectar",IF(I100="respondio","Atender la conversacion hoy",IF(I100="enviado",IF(K100>=1,"Mandar seguimiento (24-48h)","Esperar respuesta"),"Enviar primer mensaje"))))) -> Enviar primer mensaje | M100: =IF(OR(L100="Sin info, no aplica",L100="Cerrado, no volver a tocar",L100="Cliente, no prospectar"),"",IF(I100="enviado",DATEVALUE(A100)+2,IF(I100="respondio",TODAY(),"")))
A101: 2026-09-26 | B101: Mary (negocio por confirmar) | C101: Por confirmar | D101: Visita sabado | G101: visita | H101: 6916-8931 | I101: pendiente | J101: el empleado paso el contacto del encargado 26-09; no hubo conversacion previa; falta saber el rubro | K101: =IFERROR(DATEDIF(DATEVALUE(A101),TODAY(),"d"),"") -> 10 | L101: =IF(OR(E101="",H101="",H101="anotado sin numero"),"Sin info, no aplica",IF(I101="no","Cerrado, no volver a tocar",IF(I101="vendido","Cliente, no prospectar",IF(I101="respondio","Atender la conversacion hoy",IF(I101="enviado",IF(K101>=1,"Mandar seguimiento (24-48h)","Esperar respuesta"),"Enviar primer mensaje"))))) -> Sin info, no aplica | M101: =IF(OR(L101="Sin info, no aplica",L101="Cerrado, no volver a tocar",L101="Cliente, no prospectar"),"",IF(I101="enviado",DATEVALUE(A101)+2,IF(I101="respondio",TODAY(),"")))
A102: 2026-09-26 | B102: Sin nombre | C102: Por confirmar | D102: Visita sabado | G102: visita | H102: 6302-5460 | I102: pendiente | J102: el empleado paso el contacto del encargado 26-09; no hubo conversacion previa; sin nombre ni rubro | K102: =IFERROR(DATEDIF(DATEVALUE(A102),TODAY(),"d"),"") -> 10 | L102: =IF(OR(E102="",H102="",H102="anotado sin numero"),"Sin info, no aplica",IF(I102="no","Cerrado, no volver a tocar",IF(I102="vendido","Cliente, no prospectar",IF(I102="respondio","Atender la conversacion hoy",IF(I102="enviado",IF(K102>=1,"Mandar seguimiento (24-48h)","Esperar respuesta"),"Enviar primer mensaje"))))) -> Sin info, no aplica | M102: =IF(OR(L102="Sin info, no aplica",L102="Cerrado, no volver a tocar",L102="Cliente, no prospectar"),"",IF(I102="enviado",DATEVALUE(A102)+2,IF(I102="respondio",TODAY(),"")))
A103: 2026-09-26 | B103: Jonas la Islas | C103: Por confirmar | D103: Visita sabado | G103: visita | H103: 6347-6877 | I103: pendiente | J103: el empleado paso el contacto del encargado 26-09; no hubo conversacion previa | K103: =IFERROR(DATEDIF(DATEVALUE(A103),TODAY(),"d"),"") -> 10 | L103: =IF(OR(E103="",H103="",H103="anotado sin numero"),"Sin info, no aplica",IF(I103="no","Cerrado, no volver a tocar",IF(I103="vendido","Cliente, no prospectar",IF(I103="respondio","Atender la conversacion hoy",IF(I103="enviado",IF(K103>=1,"Mandar seguimiento (24-48h)","Esperar respuesta"),"Enviar primer mensaje"))))) -> Sin info, no aplica | M103: =IF(OR(L103="Sin info, no aplica",L103="Cerrado, no volver a tocar",L103="Cliente, no prospectar"),"",IF(I103="enviado",DATEVALUE(A103)+2,IF(I103="respondio",TODAY(),"")))
A104: 2026-09-26 | B104: Suchi Expres (Fatima Guevara) | C104: Comida | D104: Visita sabado | G104: visita | H104: 6579-5750 | I104: no | J104: franquicia, la decision no esta en el local; retomar solo si el encargado resulta dueno de ese local | K104: =IFERROR(DATEDIF(DATEVALUE(A104),TODAY(),"d"),"") -> 10 | L104: =IF(OR(E104="",H104="",H104="anotado sin numero"),"Sin info, no aplica",IF(I104="no","Cerrado, no volver a tocar",IF(I104="vendido","Cliente, no prospectar",IF(I104="respondio","Atender la conversacion hoy",IF(I104="enviado",IF(K104>=1,"Mandar seguimiento (24-48h)","Esperar respuesta"),"Enviar primer mensaje"))))) -> Sin info, no aplica | M104: =IF(OR(L104="Sin info, no aplica",L104="Cerrado, no volver a tocar",L104="Cliente, no prospectar"),"",IF(I104="enviado",DATEVALUE(A104)+2,IF(I104="respondio",TODAY(),"")))
A105: 2026-09-26 | B105: Privana | C105: Por confirmar | D105: Visita sabado | G105: visita | H105: 6406-9577 | I105: pendiente | J105: el empleado paso el contacto del encargado 26-09; no hubo conversacion previa | K105: =IFERROR(DATEDIF(DATEVALUE(A105),TODAY(),"d"),"") -> 10 | L105: =IF(OR(E105="",H105="",H105="anotado sin numero"),"Sin info, no aplica",IF(I105="no","Cerrado, no volver a tocar",IF(I105="vendido","Cliente, no prospectar",IF(I105="respondio","Atender la conversacion hoy",IF(I105="enviado",IF(K105>=1,"Mandar seguimiento (24-48h)","Esperar respuesta"),"Enviar primer mensaje"))))) -> Sin info, no aplica | M105: =IF(OR(L105="Sin info, no aplica",L105="Cerrado, no volver a tocar",L105="Cliente, no prospectar"),"",IF(I105="enviado",DATEVALUE(A105)+2,IF(I105="respondio",TODAY(),"")))
A106: 2026-09-26 | B106: Quiro JYS | C106: Por confirmar | D106: Visita sabado | G106: visita | H106: anotado sin numero | I106: pendiente | J106: falta contacto; buscar en Maps | K106: =IFERROR(DATEDIF(DATEVALUE(A106),TODAY(),"d"),"") -> 10 | L106: =IF(OR(E106="",H106="",H106="anotado sin numero"),"Sin info, no aplica",IF(I106="no","Cerrado, no volver a tocar",IF(I106="vendido","Cliente, no prospectar",IF(I106="respondio","Atender la conversacion hoy",IF(I106="enviado",IF(K106>=1,"Mandar seguimiento (24-48h)","Esperar respuesta"),"Enviar primer mensaje"))))) -> Sin info, no aplica | M106: =IF(OR(L106="Sin info, no aplica",L106="Cerrado, no volver a tocar",L106="Cliente, no prospectar"),"",IF(I106="enviado",DATEVALUE(A106)+2,IF(I106="respondio",TODAY(),"")))
A107: 2026-09-26 | B107: Animal Clinic | C107: Veterinaria | D107: Visita sabado | G107: visita | H107: anotado sin numero | I107: pendiente | J107: falta contacto; buscar en Maps | K107: =IFERROR(DATEDIF(DATEVALUE(A107),TODAY(),"d"),"") -> 10 | L107: =IF(OR(E107="",H107="",H107="anotado sin numero"),"Sin info, no aplica",IF(I107="no","Cerrado, no volver a tocar",IF(I107="vendido","Cliente, no prospectar",IF(I107="respondio","Atender la conversacion hoy",IF(I107="enviado",IF(K107>=1,"Mandar seguimiento (24-48h)","Esperar respuesta"),"Enviar primer mensaje"))))) -> Sin info, no aplica | M107: =IF(OR(L107="Sin info, no aplica",L107="Cerrado, no volver a tocar",L107="Cliente, no prospectar"),"",IF(I107="enviado",DATEVALUE(A107)+2,IF(I107="respondio",TODAY(),"")))
A108: 2026-09-26 | B108: Laboratorio Ventus (Dainelis Rivera) | C108: Laboratorio | D108: Visita sabado | G108: correo | H108: dainelis-rivera@lavoratorioventus.com | I108: pendiente | J108: verificar dominio antes de escribir | K108: =IFERROR(DATEDIF(DATEVALUE(A108),TODAY(),"d"),"") -> 10 | L108: =IF(OR(E108="",H108="",H108="anotado sin numero"),"Sin info, no aplica",IF(I108="no","Cerrado, no volver a tocar",IF(I108="vendido","Cliente, no prospectar",IF(I108="respondio","Atender la conversacion hoy",IF(I108="enviado",IF(K108>=1,"Mandar seguimiento (24-48h)","Esperar respuesta"),"Enviar primer mensaje"))))) -> Sin info, no aplica | M108: =IF(OR(L108="Sin info, no aplica",L108="Cerrado, no volver a tocar",L108="Cliente, no prospectar"),"",IF(I108="enviado",DATEVALUE(A108)+2,IF(I108="respondio",TODAY(),"")))
A109: 2026-09-26 | B109: Unbox | C109: Por confirmar | D109: Visita sabado | G109: correo | H109: unboxadmn@gmail.com | I109: pendiente | J109: el empleado paso el contacto del encargado 26-09; no hubo conversacion previa | K109: =IFERROR(DATEDIF(DATEVALUE(A109),TODAY(),"d"),"") -> 10 | L109: =IF(OR(E109="",H109="",H109="anotado sin numero"),"Sin info, no aplica",IF(I109="no","Cerrado, no volver a tocar",IF(I109="vendido","Cliente, no prospectar",IF(I109="respondio","Atender la conversacion hoy",IF(I109="enviado",IF(K109>=1,"Mandar seguimiento (24-48h)","Esperar respuesta"),"Enviar primer mensaje"))))) -> Sin info, no aplica | M109: =IF(OR(L109="Sin info, no aplica",L109="Cerrado, no volver a tocar",L109="Cliente, no prospectar"),"",IF(I109="enviado",DATEVALUE(A109)+2,IF(I109="respondio",TODAY(),"")))
A110: 2026-09-26 | B110: Jimmy Deporte | C110: Deportes | D110: Visita sabado | G110: correo | H110: retail@ y mercadeo@ (dominio ilegible en la foto) | I110: pendiente | J110: confirmar dominio con Jimmy antes de escribir | K110: =IFERROR(DATEDIF(DATEVALUE(A110),TODAY(),"d"),"") -> 10 | L110: =IF(OR(E110="",H110="",H110="anotado sin numero"),"Sin info, no aplica",IF(I110="no","Cerrado, no volver a tocar",IF(I110="vendido","Cliente, no prospectar",IF(I110="respondio","Atender la conversacion hoy",IF(I110="enviado",IF(K110>=1,"Mandar seguimiento (24-48h)","Esperar respuesta"),"Enviar primer mensaje"))))) -> Sin info, no aplica | M110: =IF(OR(L110="Sin info, no aplica",L110="Cerrado, no volver a tocar",L110="Cliente, no prospectar"),"",IF(I110="enviado",DATEVALUE(A110)+2,IF(I110="respondio",TODAY(),"")))
A111: 2026-09-26 | B111: Hombre de la Macha | C111: Por confirmar | D111: Visita sabado | G111: correo | H111: mercadeo@hombredelamacha.com | I111: pendiente | J111: el empleado paso el contacto del encargado 26-09; no hubo conversacion previa | K111: =IFERROR(DATEDIF(DATEVALUE(A111),TODAY(),"d"),"") -> 10 | L111: =IF(OR(E111="",H111="",H111="anotado sin numero"),"Sin info, no aplica",IF(I111="no","Cerrado, no volver a tocar",IF(I111="vendido","Cliente, no prospectar",IF(I111="respondio","Atender la conversacion hoy",IF(I111="enviado",IF(K111>=1,"Mandar seguimiento (24-48h)","Esperar respuesta"),"Enviar primer mensaje"))))) -> Sin info, no aplica | M111: =IF(OR(L111="Sin info, no aplica",L111="Cerrado, no volver a tocar",L111="Cliente, no prospectar"),"",IF(I111="enviado",DATEVALUE(A111)+2,IF(I111="respondio",TODAY(),"")))
A112: 2026-09-26 | B112: Liszeth | C112: Por confirmar | D112: Visita sabado | G112: correo | H112: liszeths787@gmail.com | I112: pendiente | J112: el empleado paso el contacto del encargado 26-09; no hubo conversacion previa | K112: =IFERROR(DATEDIF(DATEVALUE(A112),TODAY(),"d"),"") -> 10 | L112: =IF(OR(E112="",H112="",H112="anotado sin numero"),"Sin info, no aplica",IF(I112="no","Cerrado, no volver a tocar",IF(I112="vendido","Cliente, no prospectar",IF(I112="respondio","Atender la conversacion hoy",IF(I112="enviado",IF(K112>=1,"Mandar seguimiento (24-48h)","Esperar respuesta"),"Enviar primer mensaje"))))) -> Sin info, no aplica | M112: =IF(OR(L112="Sin info, no aplica",L112="Cerrado, no volver a tocar",L112="Cliente, no prospectar"),"",IF(I112="enviado",DATEVALUE(A112)+2,IF(I112="respondio",TODAY(),"")))
A113: 2026-09-28 | B113: Clinica Dr Candanedo | C113: Clinica dental | D113: Arraijan | E113: 17 | F113: 5 | G113: WhatsApp | H113: 6786-0431 | I113: pendiente | J113: top2 dentales Arraijan 84/43 | K113: =IFERROR(DATEDIF(DATEVALUE(A113),TODAY(),"d"),"") -> 8 | L113: =IF(OR(E113="",H113="",H113="anotado sin numero"),"Sin info, no aplica",IF(I113="no","Cerrado, no volver a tocar",IF(I113="vendido","Cliente, no prospectar",IF(I113="respondio","Atender la conversacion hoy",IF(I113="enviado",IF(K113>=1,"Mandar seguimiento (24-48h)","Esperar respuesta"),"Enviar primer mensaje"))))) -> Enviar primer mensaje | M113: =IF(OR(L113="Sin info, no aplica",L113="Cerrado, no volver a tocar",L113="Cliente, no prospectar"),"",IF(I113="enviado",DATEVALUE(A113)+2,IF(I113="respondio",TODAY(),"")))
A114: 2026-09-28 | B114: Clinica Dental Arraijan Cabecera | C114: Clinica dental | D114: Arraijan Cabecera | E114: 8 | F114: 5 | G114: WhatsApp | H114: 6594-1827 | I114: pendiente | J114: equipo periapical; top2 84/43 | K114: =IFERROR(DATEDIF(DATEVALUE(A114),TODAY(),"d"),"") -> 8 | L114: =IF(OR(E114="",H114="",H114="anotado sin numero"),"Sin info, no aplica",IF(I114="no","Cerrado, no volver a tocar",IF(I114="vendido","Cliente, no prospectar",IF(I114="respondio","Atender la conversacion hoy",IF(I114="enviado",IF(K114>=1,"Mandar seguimiento (24-48h)","Esperar respuesta"),"Enviar primer mensaje"))))) -> Enviar primer mensaje | M114: =IF(OR(L114="Sin info, no aplica",L114="Cerrado, no volver a tocar",L114="Cliente, no prospectar"),"",IF(I114="enviado",DATEVALUE(A114)+2,IF(I114="respondio",TODAY(),"")))
A115: 2026-09-28 | B115: Clinica Dental Spa | C115: Clinica dental | D115: Vista Alegre (Arraijan) | E115: 11 | F115: 4.6 | G115: WhatsApp | H115: 6444-4552 | I115: pendiente | J115: correo dentalspavistalegre@gmail.com; top2 84/43 | K115: =IFERROR(DATEDIF(DATEVALUE(A115),TODAY(),"d"),"") -> 8 | L115: =IF(OR(E115="",H115="",H115="anotado sin numero"),"Sin info, no aplica",IF(I115="no","Cerrado, no volver a tocar",IF(I115="vendido","Cliente, no prospectar",IF(I115="respondio","Atender la conversacion hoy",IF(I115="enviado",IF(K115>=1,"Mandar seguimiento (24-48h)","Esperar respuesta"),"Enviar primer mensaje"))))) -> Enviar primer mensaje | M115: =IF(OR(L115="Sin info, no aplica",L115="Cerrado, no volver a tocar",L115="Cliente, no prospectar"),"",IF(I115="enviado",DATEVALUE(A115)+2,IF(I115="respondio",TODAY(),"")))
A116: 2026-09-28 | B116: Clinica Carvajal | C116: Clinica especializada | D116: Arraijan (Tatcher) | E116: 7 | F116: 4.4 | G116: WhatsApp | H116: 6321-9041 | I116: pendiente | J116: diagonal a la policlinica; top2 84/43 | K116: =IFERROR(DATEDIF(DATEVALUE(A116),TODAY(),"d"),"") -> 8 | L116: =IF(OR(E116="",H116="",H116="anotado sin numero"),"Sin info, no aplica",IF(I116="no","Cerrado, no volver a tocar",IF(I116="vendido","Cliente, no prospectar",IF(I116="respondio","Atender la conversacion hoy",IF(I116="enviado",IF(K116>=1,"Mandar seguimiento (24-48h)","Esperar respuesta"),"Enviar primer mensaje"))))) -> Enviar primer mensaje | M116: =IF(OR(L116="Sin info, no aplica",L116="Cerrado, no volver a tocar",L116="Cliente, no prospectar"),"",IF(I116="enviado",DATEVALUE(A116)+2,IF(I116="respondio",TODAY(),"")))
A117: 2026-09-28 | B117: OESTE VETS ARRAIJAN | C117: Veterinaria | D117: Arraijan | E117: 6 | F117: 4.3 | G117: WhatsApp | H117: 6920-1993 | I117: pendiente | J117: top2 veterinarias 78/64 | K117: =IFERROR(DATEDIF(DATEVALUE(A117),TODAY(),"d"),"") -> 8 | L117: =IF(OR(E117="",H117="",H117="anotado sin numero"),"Sin info, no aplica",IF(I117="no","Cerrado, no volver a tocar",IF(I117="vendido","Cliente, no prospectar",IF(I117="respondio","Atender la conversacion hoy",IF(I117="enviado",IF(K117>=1,"Mandar seguimiento (24-48h)","Esperar respuesta"),"Enviar primer mensaje"))))) -> Enviar primer mensaje | M117: =IF(OR(L117="Sin info, no aplica",L117="Cerrado, no volver a tocar",L117="Cliente, no prospectar"),"",IF(I117="enviado",DATEVALUE(A117)+2,IF(I117="respondio",TODAY(),"")))
A118: 2026-09-28 | B118: Copytekpty | C118: Imprenta | D118: Arraijan (Loma Coba) | E118: 17 | F118: 4.9 | G118: WhatsApp | H118: 6778-0621 | I118: pendiente | J118: tiene web; imprentas Oeste 26/94 | K118: =IFERROR(DATEDIF(DATEVALUE(A118),TODAY(),"d"),"") -> 8 | L118: =IF(OR(E118="",H118="",H118="anotado sin numero"),"Sin info, no aplica",IF(I118="no","Cerrado, no volver a tocar",IF(I118="vendido","Cliente, no prospectar",IF(I118="respondio","Atender la conversacion hoy",IF(I118="enviado",IF(K118>=1,"Mandar seguimiento (24-48h)","Esperar respuesta"),"Enviar primer mensaje"))))) -> Enviar primer mensaje | M118: =IF(OR(L118="Sin info, no aplica",L118="Cerrado, no volver a tocar",L118="Cliente, no prospectar"),"",IF(I118="enviado",DATEVALUE(A118)+2,IF(I118="respondio",TODAY(),"")))
A119: 2026-09-28 | B119: Strong Body Gym | C119: Gimnasio | D119: Arraijan | E119: 14 | F119: 4.6 | G119: WhatsApp | H119: 6936-9139 | I119: pendiente | J119: cierra 10pm; top2 gimnasios 60/449 | K119: =IFERROR(DATEDIF(DATEVALUE(A119),TODAY(),"d"),"") -> 8 | L119: =IF(OR(E119="",H119="",H119="anotado sin numero"),"Sin info, no aplica",IF(I119="no","Cerrado, no volver a tocar",IF(I119="vendido","Cliente, no prospectar",IF(I119="respondio","Atender la conversacion hoy",IF(I119="enviado",IF(K119>=1,"Mandar seguimiento (24-48h)","Esperar respuesta"),"Enviar primer mensaje"))))) -> Enviar primer mensaje | M119: =IF(OR(L119="Sin info, no aplica",L119="Cerrado, no volver a tocar",L119="Cliente, no prospectar"),"",IF(I119="enviado",DATEVALUE(A119)+2,IF(I119="respondio",TODAY(),"")))
A120: 2026-09-28 | B120: Burunga Fitness Club | C120: Gimnasio | D120: Burunga (Arraijan) | E120: 2 | F120: 5 | G120: WhatsApp | H120: 6018-0588 | I120: pendiente | J120: top2 gimnasios 60/449 | K120: =IFERROR(DATEDIF(DATEVALUE(A120),TODAY(),"d"),"") -> 8 | L120: =IF(OR(E120="",H120="",H120="anotado sin numero"),"Sin info, no aplica",IF(I120="no","Cerrado, no volver a tocar",IF(I120="vendido","Cliente, no prospectar",IF(I120="respondio","Atender la conversacion hoy",IF(I120="enviado",IF(K120>=1,"Mandar seguimiento (24-48h)","Esperar respuesta"),"Enviar primer mensaje"))))) -> Enviar primer mensaje | M120: =IF(OR(L120="Sin info, no aplica",L120="Cerrado, no volver a tocar",L120="Cliente, no prospectar"),"",IF(I120="enviado",DATEVALUE(A120)+2,IF(I120="respondio",TODAY(),"")))
A121: 2026-09-28 | B121: Silueta y Forma Gym | C121: Gimnasio | D121: Arraijan | E121: 4 | F121: 5 | G121: WhatsApp | H121: 6283-1440 | I121: pendiente | J121: tiene web; top2 gimnasios 60/449 | K121: =IFERROR(DATEDIF(DATEVALUE(A121),TODAY(),"d"),"") -> 8 | L121: =IF(OR(E121="",H121="",H121="anotado sin numero"),"Sin info, no aplica",IF(I121="no","Cerrado, no volver a tocar",IF(I121="vendido","Cliente, no prospectar",IF(I121="respondio","Atender la conversacion hoy",IF(I121="enviado",IF(K121>=1,"Mandar seguimiento (24-48h)","Esperar respuesta"),"Enviar primer mensaje"))))) -> Enviar primer mensaje | M121: =IF(OR(L121="Sin info, no aplica",L121="Cerrado, no volver a tocar",L121="Cliente, no prospectar"),"",IF(I121="enviado",DATEVALUE(A121)+2,IF(I121="respondio",TODAY(),"")))
A122: 2026-09-28 | B122: Distribuidora Ahorro Arraijan | C122: Mayorista | D122: Arraijan | E122: 7 | F122: 4.7 | G122: WhatsApp | H122: 6780-0888 | I122: pendiente | J122: top2 de su busqueda 567/253 | K122: =IFERROR(DATEDIF(DATEVALUE(A122),TODAY(),"d"),"") -> 8 | L122: =IF(OR(E122="",H122="",H122="anotado sin numero"),"Sin info, no aplica",IF(I122="no","Cerrado, no volver a tocar",IF(I122="vendido","Cliente, no prospectar",IF(I122="respondio","Atender la conversacion hoy",IF(I122="enviado",IF(K122>=1,"Mandar seguimiento (24-48h)","Esperar respuesta"),"Enviar primer mensaje"))))) -> Enviar primer mensaje | M122: =IF(OR(L122="Sin info, no aplica",L122="Cerrado, no volver a tocar",L122="Cliente, no prospectar"),"",IF(I122="enviado",DATEVALUE(A122)+2,IF(I122="respondio",TODAY(),"")))
A123: 2026-09-28 | B123: Consultorio Medico Panama | C123: Consultorio | D123: Arraijan | E123: 12 | F123: 4.7 | G123: llamada | H123: 344-9264 | I123: pendiente | J123: llamar | K123: =IFERROR(DATEDIF(DATEVALUE(A123),TODAY(),"d"),"") -> 8 | L123: =IF(OR(E123="",H123="",H123="anotado sin numero"),"Sin info, no aplica",IF(I123="no","Cerrado, no volver a tocar",IF(I123="vendido","Cliente, no prospectar",IF(I123="respondio","Atender la conversacion hoy",IF(I123="enviado",IF(K123>=1,"Mandar seguimiento (24-48h)","Esperar respuesta"),"Enviar primer mensaje"))))) -> Enviar primer mensaje | M123: =IF(OR(L123="Sin info, no aplica",L123="Cerrado, no volver a tocar",L123="Cliente, no prospectar"),"",IF(I123="enviado",DATEVALUE(A123)+2,IF(I123="respondio",TODAY(),"")))
A124: 2026-09-28 | B124: Medic & Dental Center | C124: Clinica dental | D124: Nuevo Arraijan | E124: 25 | F124: 4.5 | G124: llamada | H124: 251-0650 | I124: pendiente | J124: llamar | K124: =IFERROR(DATEDIF(DATEVALUE(A124),TODAY(),"d"),"") -> 8 | L124: =IF(OR(E124="",H124="",H124="anotado sin numero"),"Sin info, no aplica",IF(I124="no","Cerrado, no volver a tocar",IF(I124="vendido","Cliente, no prospectar",IF(I124="respondio","Atender la conversacion hoy",IF(I124="enviado",IF(K124>=1,"Mandar seguimiento (24-48h)","Esperar respuesta"),"Enviar primer mensaje"))))) -> Enviar primer mensaje | M124: =IF(OR(L124="Sin info, no aplica",L124="Cerrado, no volver a tocar",L124="Cliente, no prospectar"),"",IF(I124="enviado",DATEVALUE(A124)+2,IF(I124="respondio",TODAY(),"")))
... A151: 2026-09-28 | B151: Materiales de Construccion Super Precio | C151: Materiales construccion | D151: Arraijan | E151: 36 | F151: 4.6 | G151: llamada | H151: 344-0988 | I151: pendiente | J151: vendedora; llamar | K151: =IFERROR(DATEDIF(DATEVALUE(A151),TODAY(),"d"),"") -> 8 | L151: =IF(OR(E151="",H151="",H151="anotado sin numero"),"Sin info, no aplica",IF(I151="no","Cerrado, no volver a tocar",IF(I151="vendido","Cliente, no prospectar",IF(I151="respondio","Atender la conversacion hoy",IF(I151="enviado",IF(K151>=1,"Mandar seguimiento (24-48h)","Esperar respuesta"),"Enviar primer mensaje"))))) -> Enviar primer mensaje | M151: =IF(OR(L151="Sin info, no aplica",L151="Cerrado, no volver a tocar",L151="Cliente, no prospectar"),"",IF(I151="enviado",DATEVALUE(A151)+2,IF(I151="respondio",TODAY(),"")))
A152: 2026-09-28 | B152: BAC Credomatic Panama | C152: Banco | D152: Nacional | G152: correo | H152: mercadeodigital@pa.bac.net | I152: respondio | J152: escribi a afiliados@pa.bac.net; Servicio al Cliente (Laysa Espinosa) refirio a Mercadeo Digital el 28-09; reenviada propuesta con PDF | K152: =IFERROR(DATEDIF(DATEVALUE(A152),TODAY(),"d"),"") -> 8 | L152: =IF(OR(E152="",H152="",H152="anotado sin numero"),"Sin info, no aplica",IF(I152="no","Cerrado, no volver a tocar",IF(I152="vendido","Cliente, no prospectar",IF(I152="respondio","Atender la conversacion hoy",IF(I152="enviado",IF(K152>=1,"Mandar seguimiento (24-48h)","Esperar respuesta"),"Enviar primer mensaje"))))) -> Sin info, no aplica | M152: =IF(OR(L152="Sin info, no aplica",L152="Cerrado, no volver a tocar",L152="Cliente, no prospectar"),"",IF(I152="enviado",DATEVALUE(A152)+2,IF(I152="respondio",TODAY(),"")))
A153: 2026-09-28 | B153: Centro de Fisioterapia Lic. Javier Gonzalez | C153: Fisioterapia | D153: Costa Verde | E153: 11 | F153: 5 | G153: WhatsApp | H153: 6849-3243 | I153: pendiente | J153: vendedora 2; top2 fisio 9/28 | K153: =IFERROR(DATEDIF(DATEVALUE(A153),TODAY(),"d"),"") -> 8 | L153: =IF(OR(E153="",H153="",H153="anotado sin numero"),"Sin info, no aplica",IF(I153="no","Cerrado, no volver a tocar",IF(I153="vendido","Cliente, no prospectar",IF(I153="respondio","Atender la conversacion hoy",IF(I153="enviado",IF(K153>=1,"Mandar seguimiento (24-48h)","Esperar respuesta"),"Enviar primer mensaje"))))) -> Enviar primer mensaje | M153: =IF(OR(L153="Sin info, no aplica",L153="Cerrado, no volver a tocar",L153="Cliente, no prospectar"),"",IF(I153="enviado",DATEVALUE(A153)+2,IF(I153="respondio",TODAY(),"")))
A154: 2026-09-28 | B154: Clinica Laboratorio Santillana | C154: Laboratorio | D154: La Chorrera (Vista Mar) | E154: 10 | F154: 4.6 | G154: WhatsApp | H154: 6407-5591 | I154: pendiente | J154: vendedora 2; cierra 11pm; lideres 28/53 | K154: =IFERROR(DATEDIF(DATEVALUE(A154),TODAY(),"d"),"") -> 8 | L154: =IF(OR(E154="",H154="",H154="anotado sin numero"),"Sin info, no aplica",IF(I154="no","Cerrado, no volver a tocar",IF(I154="vendido","Cliente, no prospectar",IF(I154="respondio","Atender la conversacion hoy",IF(I154="enviado",IF(K154>=1,"Mandar seguimiento (24-48h)","Esperar respuesta"),"Enviar primer mensaje"))))) -> Enviar primer mensaje | M154: =IF(OR(L154="Sin info, no aplica",L154="Cerrado, no volver a tocar",L154="Cliente, no prospectar"),"",IF(I154="enviado",DATEVALUE(A154)+2,IF(I154="respondio",TODAY(),"")))
A155: 2026-09-28 | B155: Laboratorio Clinica Hospital Panama Oeste | C155: Laboratorio | D155: Anclas Mall | E155: 4 | F155: 4.5 | G155: WhatsApp | H155: 6418-9448 | I155: pendiente | J155: vendedora 2; lideres 28/53 | K155: =IFERROR(DATEDIF(DATEVALUE(A155),TODAY(),"d"),"") -> 8 | L155: =IF(OR(E155="",H155="",H155="anotado sin numero"),"Sin info, no aplica",IF(I155="no","Cerrado, no volver a tocar",IF(I155="vendido","Cliente, no prospectar",IF(I155="respondio","Atender la conversacion hoy",IF(I155="enviado",IF(K155>=1,"Mandar seguimiento (24-48h)","Esperar respuesta"),"Enviar primer mensaje"))))) -> Enviar primer mensaje | M155: =IF(OR(L155="Sin info, no aplica",L155="Cerrado, no volver a tocar",L155="Cliente, no prospectar"),"",IF(I155="enviado",DATEVALUE(A155)+2,IF(I155="respondio",TODAY(),"")))
A156: 2026-09-28 | B156: A&M Sports Clinic | C156: Clinica ortopedica | D156: Market Plaza | E156: 23 | F156: 4.8 | G156: WhatsApp | H156: 6328-6638 | I156: pendiente | J156: vendedora 2; tiene web; lideres 40/53 | K156: =IFERROR(DATEDIF(DATEVALUE(A156),TODAY(),"d"),"") -> 8 | L156: =IF(OR(E156="",H156="",H156="anotado sin numero"),"Sin info, no aplica",IF(I156="no","Cerrado, no volver a tocar",IF(I156="vendido","Cliente, no prospectar",IF(I156="respondio","Atender la conversacion hoy",IF(I156="enviado",IF(K156>=1,"Mandar seguimiento (24-48h)","Esperar respuesta"),"Enviar primer mensaje"))))) -> Enviar primer mensaje | M156: =IF(OR(L156="Sin info, no aplica",L156="Cerrado, no volver a tocar",L156="Cliente, no prospectar"),"",IF(I156="enviado",DATEVALUE(A156)+2,IF(I156="respondio",TODAY(),"")))
A157: 2026-09-28 | B157: FISIOMED | C157: Fisioterapia | D157: Plaza Panama Oeste | E157: 28 | F157: 4.7 | G157: WhatsApp | H157: 6652-2618 | I157: pendiente | J157: vendedora 2; top2 fisio 9/28 | K157: =IFERROR(DATEDIF(DATEVALUE(A157),TODAY(),"d"),"") -> 8 | L157: =IF(OR(E157="",H157="",H157="anotado sin numero"),"Sin info, no aplica",IF(I157="no","Cerrado, no volver a tocar",IF(I157="vendido","Cliente, no prospectar",IF(I157="respondio","Atender la conversacion hoy",IF(I157="enviado",IF(K157>=1,"Mandar seguimiento (24-48h)","Esperar respuesta"),"Enviar primer mensaje"))))) -> Enviar primer mensaje | M157: =IF(OR(L157="Sin info, no aplica",L157="Cerrado, no volver a tocar",L157="Cliente, no prospectar"),"",IF(I157="enviado",DATEVALUE(A157)+2,IF(I157="respondio",TODAY(),"")))
A158: 2026-09-28 | B158: Plomero Panama | C158: Plomeria | D158: La Chorrera | E158: 14 | F158: 4.6 | G158: WhatsApp | H158: 6207-1579 | I158: pendiente | J158: vendedora 2; cierra 11pm; top2 plomeria 185/51 | K158: =IFERROR(DATEDIF(DATEVALUE(A158),TODAY(),"d"),"") -> 8 | L158: =IF(OR(E158="",H158="",H158="anotado sin numero"),"Sin info, no aplica",IF(I158="no","Cerrado, no volver a tocar",IF(I158="vendido","Cliente, no prospectar",IF(I158="respondio","Atender la conversacion hoy",IF(I158="enviado",IF(K158>=1,"Mandar seguimiento (24-48h)","Esperar respuesta"),"Enviar primer mensaje"))))) -> Enviar primer mensaje | M158: =IF(OR(L158="Sin info, no aplica",L158="Cerrado, no volver a tocar",L158="Cliente, no prospectar"),"",IF(I158="enviado",DATEVALUE(A158)+2,IF(I158="respondio",TODAY(),"")))
A159: 2026-09-28 | B159: Gonzalez Electric Panama | C159: Electricista | D159: La Chorrera | E159: 1 | F159: 5 | G159: WhatsApp | H159: 6441-3314 | I159: pendiente | J159: vendedora 2; top2 185/51 | K159: =IFERROR(DATEDIF(DATEVALUE(A159),TODAY(),"d"),"") -> 8 | L159: =IF(OR(E159="",H159="",H159="anotado sin numero"),"Sin info, no aplica",IF(I159="no","Cerrado, no volver a tocar",IF(I159="vendido","Cliente, no prospectar",IF(I159="respondio","Atender la conversacion hoy",IF(I159="enviado",IF(K159>=1,"Mandar seguimiento (24-48h)","Esperar respuesta"),"Enviar primer mensaje"))))) -> Enviar primer mensaje | M159: =IF(OR(L159="Sin info, no aplica",L159="Cerrado, no volver a tocar",L159="Cliente, no prospectar"),"",IF(I159="enviado",DATEVALUE(A159)+2,IF(I159="respondio",TODAY(),"")))
A160: 2026-09-28 | B160: Fontaneria y Destapes Martinez | C160: Plomeria | D160: Panama Oeste | E160: 29 | F160: 4.8 | G160: WhatsApp | H160: 6809-6184 | I160: pendiente | J160: vendedora 2; 24 horas; lider 185 | K160: =IFERROR(DATEDIF(DATEVALUE(A160),TODAY(),"d"),"") -> 8 | L160: =IF(OR(E160="",H160="",H160="anotado sin numero"),"Sin info, no aplica",IF(I160="no","Cerrado, no volver a tocar",IF(I160="vendido","Cliente, no prospectar",IF(I160="respondio","Atender la conversacion hoy",IF(I160="enviado",IF(K160>=1,"Mandar seguimiento (24-48h)","Esperar respuesta"),"Enviar primer mensaje"))))) -> Enviar primer mensaje | M160: =IF(OR(L160="Sin info, no aplica",L160="Cerrado, no volver a tocar",L160="Cliente, no prospectar"),"",IF(I160="enviado",DATEVALUE(A160)+2,IF(I160="respondio",TODAY(),"")))
A161: 2026-09-28 | B161: G&Y Travel | C161: Agencia de viajes | D161: La Chorrera | E161: 1 | F161: 5 | G161: WhatsApp | H161: 6330-1580 | I161: pendiente | J161: vendedora 2; citas en linea; lideres 73/69 | K161: =IFERROR(DATEDIF(DATEVALUE(A161),TODAY(),"d"),"") -> 8 | L161: =IF(OR(E161="",H161="",H161="anotado sin numero"),"Sin info, no aplica",IF(I161="no","Cerrado, no volver a tocar",IF(I161="vendido","Cliente, no prospectar",IF(I161="respondio","Atender la conversacion hoy",IF(I161="enviado",IF(K161>=1,"Mandar seguimiento (24-48h)","Esperar respuesta"),"Enviar primer mensaje"))))) -> Enviar primer mensaje | M161: =IF(OR(L161="Sin info, no aplica",L161="Cerrado, no volver a tocar",L161="Cliente, no prospectar"),"",IF(I161="enviado",DATEVALUE(A161)+2,IF(I161="respondio",TODAY(),"")))
A162: 2026-09-28 | B162: Distribuidora N14 | C162: Mayorista | D162: La Chorrera | E162: 1 | F162: 5 | G162: WhatsApp | H162: 6966-0028 | I162: pendiente | J162: vendedora 2; lideres 206/138 | K162: =IFERROR(DATEDIF(DATEVALUE(A162),TODAY(),"d"),"") -> 8 | L162: =IF(OR(E162="",H162="",H162="anotado sin numero"),"Sin info, no aplica",IF(I162="no","Cerrado, no volver a tocar",IF(I162="vendido","Cliente, no prospectar",IF(I162="respondio","Atender la conversacion hoy",IF(I162="enviado",IF(K162>=1,"Mandar seguimiento (24-48h)","Esperar respuesta"),"Enviar primer mensaje"))))) -> Enviar primer mensaje | M162: =IF(OR(L162="Sin info, no aplica",L162="Cerrado, no volver a tocar",L162="Cliente, no prospectar"),"",IF(I162="enviado",DATEVALUE(A162)+2,IF(I162="respondio",TODAY(),"")))
A163: 2026-09-30 | B163: Clinica Dental Sonrisas Panama | C163: Clinica dental | D163: Bella Vista (Plaza Concordia) | E163: 6 | F163: 4.2 | G163: WhatsApp | H163: 6679-8177 | I163: pendiente | J163: top2 dentales Panama 495/1987 | K163: =IFERROR(DATEDIF(DATEVALUE(A163),TODAY(),"d"),"") -> 6 | L163: =IF(OR(E163="",H163="",H163="anotado sin numero"),"Sin info, no aplica",IF(I163="no","Cerrado, no volver a tocar",IF(I163="vendido","Cliente, no prospectar",IF(I163="respondio","Atender la conversacion hoy",IF(I163="enviado",IF(K163>=1,"Mandar seguimiento (24-48h)","Esperar respuesta"),"Enviar primer mensaje"))))) -> Enviar primer mensaje | M163: =IF(OR(L163="Sin info, no aplica",L163="Cerrado, no volver a tocar",L163="Cliente, no prospectar"),"",IF(I163="enviado",DATEVALUE(A163)+2,IF(I163="respondio",TODAY(),"")))
A164: 2026-09-30 | B164: Alineadores Panama Dr. Moises Sasson | C164: Ortodoncia | D164: San Francisco (Via Italia) | E164: 4 | F164: 5 | G164: WhatsApp | H164: 6614-0017 | I164: pendiente | J164: ficha patrocinada; top2 dentales 495/1987 | K164: =IFERROR(DATEDIF(DATEVALUE(A164),TODAY(),"d"),"") -> 6 | L164: =IF(OR(E164="",H164="",H164="anotado sin numero"),"Sin info, no aplica",IF(I164="no","Cerrado, no volver a tocar",IF(I164="vendido","Cliente, no prospectar",IF(I164="respondio","Atender la conversacion hoy",IF(I164="enviado",IF(K164>=1,"Mandar seguimiento (24-48h)","Esperar respuesta"),"Enviar primer mensaje"))))) -> Enviar primer mensaje | M164: =IF(OR(L164="Sin info, no aplica",L164="Cerrado, no volver a tocar",L164="Cliente, no prospectar"),"",IF(I164="enviado",DATEVALUE(A164)+2,IF(I164="respondio",TODAY(),"")))
... A191: 2026-09-30 | B191: Guarderia Coloreo y Aprendo Panama | C191: Guarderia | D191: Arraijan | E191: 1 | F191: 5 | G191: WhatsApp | H191: 6576-6278 | I191: pendiente | J191: vendedora 1 lista 30-09; top2 guarderias 46/3 | K191: =IFERROR(DATEDIF(DATEVALUE(A191),TODAY(),"d"),"") -> 6 | L191: =IF(OR(E191="",H191="",H191="anotado sin numero"),"Sin info, no aplica",IF(I191="no","Cerrado, no volver a tocar",IF(I191="vendido","Cliente, no prospectar",IF(I191="respondio","Atender la conversacion hoy",IF(I191="enviado",IF(K191>=1,"Mandar seguimiento (24-48h)","Esperar respuesta"),"Enviar primer mensaje"))))) -> Enviar primer mensaje | M191: =IF(OR(L191="Sin info, no aplica",L191="Cerrado, no volver a tocar",L191="Cliente, no prospectar"),"",IF(I191="enviado",DATEVALUE(A191)+2,IF(I191="respondio",TODAY(),"")))
A192: 2026-09-30 | B192: Lolas Day Care Guarderia y Maternal | C192: Guarderia | D192: Arraijan (C. 4) | E192: 0 | G192: WhatsApp | H192: 6797-4620 | I192: pendiente | J192: vendedora 1 lista 30-09; ficha sin resenas; top2 46/3 | K192: =IFERROR(DATEDIF(DATEVALUE(A192),TODAY(),"d"),"") -> 6 | L192: =IF(OR(E192="",H192="",H192="anotado sin numero"),"Sin info, no aplica",IF(I192="no","Cerrado, no volver a tocar",IF(I192="vendido","Cliente, no prospectar",IF(I192="respondio","Atender la conversacion hoy",IF(I192="enviado",IF(K192>=1,"Mandar seguimiento (24-48h)","Esperar respuesta"),"Enviar primer mensaje"))))) -> Enviar primer mensaje | M192: =IF(OR(L192="Sin info, no aplica",L192="Cerrado, no volver a tocar",L192="Cliente, no prospectar"),"",IF(I192="enviado",DATEVALUE(A192)+2,IF(I192="respondio",TODAY(),"")))
A193: 2026-09-30 | B193: Floristeria Giflo | C193: Floristeria | D193: Valle Hermoso (Arraijan) | E193: 16 | F193: 4.3 | G193: llamada | H193: 343-0330 | I193: pendiente | J193: vendedora 1 lista 30-09; fijo sin WhatsApp | K193: =IFERROR(DATEDIF(DATEVALUE(A193),TODAY(),"d"),"") -> 6 | L193: =IF(OR(E193="",H193="",H193="anotado sin numero"),"Sin info, no aplica",IF(I193="no","Cerrado, no volver a tocar",IF(I193="vendido","Cliente, no prospectar",IF(I193="respondio","Atender la conversacion hoy",IF(I193="enviado",IF(K193>=1,"Mandar seguimiento (24-48h)","Esperar respuesta"),"Enviar primer mensaje"))))) -> Enviar primer mensaje | M193: =IF(OR(L193="Sin info, no aplica",L193="Cerrado, no volver a tocar",L193="Cliente, no prospectar"),"",IF(I193="enviado",DATEVALUE(A193)+2,IF(I193="respondio",TODAY(),"")))
A194: 2026-09-30 | B194: CEMLAB Arraijan | C194: Laboratorio y centro medico | D194: Arraijan (Av. Omar Torrijos) | E194: 10 | F194: 4.5 | G194: WhatsApp | H194: 6090-4427 | I194: pendiente | J194: vendedora 2 lista 30-09; cierra 11pm; top2 labs 38/28 | K194: =IFERROR(DATEDIF(DATEVALUE(A194),TODAY(),"d"),"") -> 6 | L194: =IF(OR(E194="",H194="",H194="anotado sin numero"),"Sin info, no aplica",IF(I194="no","Cerrado, no volver a tocar",IF(I194="vendido","Cliente, no prospectar",IF(I194="respondio","Atender la conversacion hoy",IF(I194="enviado",IF(K194>=1,"Mandar seguimiento (24-48h)","Esperar respuesta"),"Enviar primer mensaje"))))) -> Enviar primer mensaje | M194: =IF(OR(L194="Sin info, no aplica",L194="Cerrado, no volver a tocar",L194="Cliente, no prospectar"),"",IF(I194="enviado",DATEVALUE(A194)+2,IF(I194="respondio",TODAY(),"")))
A195: 2026-09-30 | B195: Ventura Lab N.6 Brisas del Golf | C195: Laboratorio | D195: Brisas del Golf (Arraijan) | E195: 13 | F195: 4.5 | G195: WhatsApp | H195: 6945-4848 | I195: pendiente | J195: vendedora 2 lista 30-09; mismo numero que sede cabecera; top2 38/28 | K195: =IFERROR(DATEDIF(DATEVALUE(A195),TODAY(),"d"),"") -> 6 | L195: =IF(OR(E195="",H195="",H195="anotado sin numero"),"Sin info, no aplica",IF(I195="no","Cerrado, no volver a tocar",IF(I195="vendido","Cliente, no prospectar",IF(I195="respondio","Atender la conversacion hoy",IF(I195="enviado",IF(K195>=1,"Mandar seguimiento (24-48h)","Esperar respuesta"),"Enviar primer mensaje"))))) -> Enviar primer mensaje | M195: =IF(OR(L195="Sin info, no aplica",L195="Cerrado, no volver a tocar",L195="Cliente, no prospectar"),"",IF(I195="enviado",DATEVALUE(A195)+2,IF(I195="respondio",TODAY(),"")))
A196: 2026-09-30 | B196: ALTA REHAB | C196: Fisioterapia | D196: Balboa Boutiques | E196: 19 | F196: 5 | G196: WhatsApp | H196: 6946-9101 | I196: pendiente | J196: vendedora 2 lista 30-09; top2 fisio 306/175 | K196: =IFERROR(DATEDIF(DATEVALUE(A196),TODAY(),"d"),"") -> 6 | L196: =IF(OR(E196="",H196="",H196="anotado sin numero"),"Sin info, no aplica",IF(I196="no","Cerrado, no volver a tocar",IF(I196="vendido","Cliente, no prospectar",IF(I196="respondio","Atender la conversacion hoy",IF(I196="enviado",IF(K196>=1,"Mandar seguimiento (24-48h)","Esperar respuesta"),"Enviar primer mensaje"))))) -> Enviar primer mensaje | M196: =IF(OR(L196="Sin info, no aplica",L196="Cerrado, no volver a tocar",L196="Cliente, no prospectar"),"",IF(I196="enviado",DATEVALUE(A196)+2,IF(I196="respondio",TODAY(),"")))
A197: 2026-09-30 | B197: Equilibrium Panama | C197: Fisioterapia | D197: Panama Pacifico (PH Mosaic) | E197: 14 | F197: 5 | G197: WhatsApp | H197: 6590-5972 | I197: pendiente | J197: vendedora 2 lista 30-09; cierra 8pm; top2 fisio 306/175 | K197: =IFERROR(DATEDIF(DATEVALUE(A197),TODAY(),"d"),"") -> 6 | L197: =IF(OR(E197="",H197="",H197="anotado sin numero"),"Sin info, no aplica",IF(I197="no","Cerrado, no volver a tocar",IF(I197="vendido","Cliente, no prospectar",IF(I197="respondio","Atender la conversacion hoy",IF(I197="enviado",IF(K197>=1,"Mandar seguimiento (24-48h)","Esperar respuesta"),"Enviar primer mensaje"))))) -> Enviar primer mensaje | M197: =IF(OR(L197="Sin info, no aplica",L197="Cerrado, no volver a tocar",L197="Cliente, no prospectar"),"",IF(I197="enviado",DATEVALUE(A197)+2,IF(I197="respondio",TODAY(),"")))
A198: 2026-09-30 | B198: Osvaldo Henriquez Electricista | C198: Electricista | D198: Nuevo Arraijan | E198: 14 | F198: 5 | G198: WhatsApp | H198: 6257-0155 | I198: pendiente | J198: vendedora 2 lista 30-09; top2 plomeria 185/23 | K198: =IFERROR(DATEDIF(DATEVALUE(A198),TODAY(),"d"),"") -> 6 | L198: =IF(OR(E198="",H198="",H198="anotado sin numero"),"Sin info, no aplica",IF(I198="no","Cerrado, no volver a tocar",IF(I198="vendido","Cliente, no prospectar",IF(I198="respondio","Atender la conversacion hoy",IF(I198="enviado",IF(K198>=1,"Mandar seguimiento (24-48h)","Esperar respuesta"),"Enviar primer mensaje"))))) -> Enviar primer mensaje | M198: =IF(OR(L198="Sin info, no aplica",L198="Cerrado, no volver a tocar",L198="Cliente, no prospectar"),"",IF(I198="enviado",DATEVALUE(A198)+2,IF(I198="respondio",TODAY(),"")))
A199: 2026-09-30 | B199: Servicios Tecnicos AAA | C199: Contratista general | D199: Arraijan (C. B 148) | E199: 23 | F199: 5 | G199: WhatsApp | H199: 6681-9481 | I199: pendiente | J199: vendedora 2 lista 30-09; top2 plomeria 185/23 | K199: =IFERROR(DATEDIF(DATEVALUE(A199),TODAY(),"d"),"") -> 6 | L199: =IF(OR(E199="",H199="",H199="anotado sin numero"),"Sin info, no aplica",IF(I199="no","Cerrado, no volver a tocar",IF(I199="vendido","Cliente, no prospectar",IF(I199="respondio","Atender la conversacion hoy",IF(I199="enviado",IF(K199>=1,"Mandar seguimiento (24-48h)","Esperar respuesta"),"Enviar primer mensaje"))))) -> Enviar primer mensaje | M199: =IF(OR(L199="Sin info, no aplica",L199="Cerrado, no volver a tocar",L199="Cliente, no prospectar"),"",IF(I199="enviado",DATEVALUE(A199)+2,IF(I199="respondio",TODAY(),"")))
A200: 2026-09-30 | B200: Servicios Generales QZ | C200: Contratista | D200: Bosques de Valle Hermoso | E200: 2 | F200: 5 | G200: WhatsApp | H200: 6898-8925 | I200: pendiente | J200: vendedora 2 lista 30-09; top2 plomeria 185/23 | K200: =IFERROR(DATEDIF(DATEVALUE(A200),TODAY(),"d"),"") -> 6 | L200: =IF(OR(E200="",H200="",H200="anotado sin numero"),"Sin info, no aplica",IF(I200="no","Cerrado, no volver a tocar",IF(I200="vendido","Cliente, no prospectar",IF(I200="respondio","Atender la conversacion hoy",IF(I200="enviado",IF(K200>=1,"Mandar seguimiento (24-48h)","Esperar respuesta"),"Enviar primer mensaje"))))) -> Enviar primer mensaje | M200: =IF(OR(L200="Sin info, no aplica",L200="Cerrado, no volver a tocar",L200="Cliente, no prospectar"),"",IF(I200="enviado",DATEVALUE(A200)+2,IF(I200="respondio",TODAY(),"")))
A201: 2026-09-30 | B201: Mitim servicios de mantenimiento | C201: Mantenimiento del hogar | D201: Ciudad del Saber | E201: 20 | F201: 4.4 | G201: WhatsApp | H201: 6884-0000 | I201: pendiente | J201: vendedora 2 lista 30-09; varias cuadrillas; top2 185/23 | K201: =IFERROR(DATEDIF(DATEVALUE(A201),TODAY(),"d"),"") -> 6 | L201: =IF(OR(E201="",H201="",H201="anotado sin numero"),"Sin info, no aplica",IF(I201="no","Cerrado, no volver a tocar",IF(I201="vendido","Cliente, no prospectar",IF(I201="respondio","Atender la conversacion hoy",IF(I201="enviado",IF(K201>=1,"Mandar seguimiento (24-48h)","Esperar respuesta"),"Enviar primer mensaje"))))) -> Enviar primer mensaje | M201: =IF(OR(L201="Sin info, no aplica",L201="Cerrado, no volver a tocar",L201="Cliente, no prospectar"),"",IF(I201="enviado",DATEVALUE(A201)+2,IF(I201="respondio",TODAY(),"")))
A202: 2026-09-30 | B202: Plomeria Electricidad Agrazal | C202: Plomeria y electricidad | D202: Barriada Thatcher (Arraijan) | E202: 0 | G202: WhatsApp | H202: 6040-0490 | I202: pendiente | J202: vendedora 2 lista 30-09; ficha sin resenas; top2 185/23 | K202: =IFERROR(DATEDIF(DATEVALUE(A202),TODAY(),"d"),"") -> 6 | L202: =IF(OR(E202="",H202="",H202="anotado sin numero"),"Sin info, no aplica",IF(I202="no","Cerrado, no volver a tocar",IF(I202="vendido","Cliente, no prospectar",IF(I202="respondio","Atender la conversacion hoy",IF(I202="enviado",IF(K202>=1,"Mandar seguimiento (24-48h)","Esperar respuesta"),"Enviar primer mensaje"))))) -> Enviar primer mensaje | M202: =IF(OR(L202="Sin info, no aplica",L202="Cerrado, no volver a tocar",L202="Cliente, no prospectar"),"",IF(I202="enviado",DATEVALUE(A202)+2,IF(I202="respondio",TODAY(),"")))
A203: 2026-09-30 | B203: Ps Service Panama | C203: Reparacion de aire acondicionado | D203: Nuevo Chorrillo (Arraijan) | E203: 0 | G203: WhatsApp | H203: 6598-8112 | I203: pendiente | J203: vendedora 2 lista 30-09; ficha sin resenas | K203: =IFERROR(DATEDIF(DATEVALUE(A203),TODAY(),"d"),"") -> 6 | L203: =IF(OR(E203="",H203="",H203="anotado sin numero"),"Sin info, no aplica",IF(I203="no","Cerrado, no volver a tocar",IF(I203="vendido","Cliente, no prospectar",IF(I203="respondio","Atender la conversacion hoy",IF(I203="enviado",IF(K203>=1,"Mandar seguimiento (24-48h)","Esperar respuesta"),"Enviar primer mensaje"))))) -> Enviar primer mensaje | M203: =IF(OR(L203="Sin info, no aplica",L203="Cerrado, no volver a tocar",L203="Cliente, no prospectar"),"",IF(I203="enviado",DATEVALUE(A203)+2,IF(I203="respondio",TODAY(),"")))
A204: 2026-09-30 | B204: Laboratorio Blood Diagnostic | C204: Laboratorio | D204: Arraijan | E204: 2 | F204: 5 | G204: llamada | H204: 345-9322 | I204: pendiente | J204: vendedora 2 lista 30-09; fijo sin WhatsApp | K204: =IFERROR(DATEDIF(DATEVALUE(A204),TODAY(),"d"),"") -> 6 | L204: =IF(OR(E204="",H204="",H204="anotado sin numero"),"Sin info, no aplica",IF(I204="no","Cerrado, no volver a tocar",IF(I204="vendido","Cliente, no prospectar",IF(I204="respondio","Atender la conversacion hoy",IF(I204="enviado",IF(K204>=1,"Mandar seguimiento (24-48h)","Esperar respuesta"),"Enviar primer mensaje"))))) -> Enviar primer mensaje | M204: =IF(OR(L204="Sin info, no aplica",L204="Cerrado, no volver a tocar",L204="Cliente, no prospectar"),"",IF(I204="enviado",DATEVALUE(A204)+2,IF(I204="respondio",TODAY(),"")))
A205: 2026-09-30 | B205: Laboratorio Delgado Especializado N.4 | C205: Laboratorio | D205: Burunga (Plaza Paseo) | E205: 1 | F205: 5 | G205: llamada | H205: 345-9611 | I205: pendiente | J205: vendedora 2 lista 30-09; fijo sin WhatsApp | K205: =IFERROR(DATEDIF(DATEVALUE(A205),TODAY(),"d"),"") -> 6 | L205: =IF(OR(E205="",H205="",H205="anotado sin numero"),"Sin info, no aplica",IF(I205="no","Cerrado, no volver a tocar",IF(I205="vendido","Cliente, no prospectar",IF(I205="respondio","Atender la conversacion hoy",IF(I205="enviado",IF(K205>=1,"Mandar seguimiento (24-48h)","Esperar respuesta"),"Enviar primer mensaje"))))) -> Enviar primer mensaje | M205: =IF(OR(L205="Sin info, no aplica",L205="Cerrado, no volver a tocar",L205="Cliente, no prospectar"),"",IF(I205="enviado",DATEVALUE(A205)+2,IF(I205="respondio",TODAY(),"")))
A206: 2026-09-30 | B206: Laboratorio VDC Arraijan | C206: Laboratorio | D206: Arraijan Cabecera | E206: 1 | F206: 5 | G206: llamada | H206: 247-3724 | I206: pendiente | J206: vendedora 2 lista 30-09; fijo sin WhatsApp | K206: =IFERROR(DATEDIF(DATEVALUE(A206),TODAY(),"d"),"") -> 6 | L206: =IF(OR(E206="",H206="",H206="anotado sin numero"),"Sin info, no aplica",IF(I206="no","Cerrado, no volver a tocar",IF(I206="vendido","Cliente, no prospectar",IF(I206="respondio","Atender la conversacion hoy",IF(I206="enviado",IF(K206>=1,"Mandar seguimiento (24-48h)","Esperar respuesta"),"Enviar primer mensaje"))))) -> Enviar primer mensaje | M206: =IF(OR(L206="Sin info, no aplica",L206="Cerrado, no volver a tocar",L206="Cliente, no prospectar"),"",IF(I206="enviado",DATEVALUE(A206)+2,IF(I206="respondio",TODAY(),"")))
A207: 2026-10-01 | B207: Electro Meca H.C | C207: Taller mecanico | D207: Capira Centro | E207: 3 | F207: 5 | G207: WhatsApp | H207: 6559-4055 | I207: pendiente | J207: talleres jueves; top2 talleres Capira 21/7 | K207: =IFERROR(DATEDIF(DATEVALUE(A207),TODAY(),"d"),"") -> 5 | L207: =IF(OR(E207="",H207="",H207="anotado sin numero"),"Sin info, no aplica",IF(I207="no","Cerrado, no volver a tocar",IF(I207="vendido","Cliente, no prospectar",IF(I207="respondio","Atender la conversacion hoy",IF(I207="enviado",IF(K207>=1,"Mandar seguimiento (24-48h)","Esperar respuesta"),"Enviar primer mensaje"))))) -> Enviar primer mensaje | M207: =IF(OR(L207="Sin info, no aplica",L207="Cerrado, no volver a tocar",L207="Cliente, no prospectar"),"",IF(I207="enviado",DATEVALUE(A207)+2,IF(I207="respondio",TODAY(),"")))
A208: 2026-10-01 | B208: Taller Mecanico maquinas y camiones | C208: Taller mecanico | D208: Capira | E208: 7 | F208: 5 | G208: WhatsApp | H208: 6773-1457 | I208: pendiente | J208: talleres jueves; top2 talleres Capira 21/7 | K208: =IFERROR(DATEDIF(DATEVALUE(A208),TODAY(),"d"),"") -> 5 | L208: =IF(OR(E208="",H208="",H208="anotado sin numero"),"Sin info, no aplica",IF(I208="no","Cerrado, no volver a tocar",IF(I208="vendido","Cliente, no prospectar",IF(I208="respondio","Atender la conversacion hoy",IF(I208="enviado",IF(K208>=1,"Mandar seguimiento (24-48h)","Esperar respuesta"),"Enviar primer mensaje"))))) -> Enviar primer mensaje | M208: =IF(OR(L208="Sin info, no aplica",L208="Cerrado, no volver a tocar",L208="Cliente, no prospectar"),"",IF(I208="enviado",DATEVALUE(A208)+2,IF(I208="respondio",TODAY(),"")))
A209: 2026-10-01 | B209: Taller Isaias | C209: Taller mecanico | D209: Veracruz (Arraijan) | E209: 1 | F209: 5 | G209: WhatsApp | H209: 6718-0677 | I209: pendiente | J209: talleres jueves; top2 talleres Veracruz-Vacamonte 13/11 | K209: =IFERROR(DATEDIF(DATEVALUE(A209),TODAY(),"d"),"") -> 5 | L209: =IF(OR(E209="",H209="",H209="anotado sin numero"),"Sin info, no aplica",IF(I209="no","Cerrado, no volver a tocar",IF(I209="vendido","Cliente, no prospectar",IF(I209="respondio","Atender la conversacion hoy",IF(I209="enviado",IF(K209>=1,"Mandar seguimiento (24-48h)","Esperar respuesta"),"Enviar primer mensaje"))))) -> Enviar primer mensaje | M209: =IF(OR(L209="Sin info, no aplica",L209="Cerrado, no volver a tocar",L209="Cliente, no prospectar"),"",IF(I209="enviado",DATEVALUE(A209)+2,IF(I209="respondio",TODAY(),"")))
A210: 2026-10-01 | B210: Servicio mecanico a domicilio y diagnostico | C210: Taller mecanico a domicilio | D210: Arraijan | E210: 11 | F210: 4.9 | G210: WhatsApp | H210: 6498-9120 | I210: pendiente | J210: talleres jueves; top2 talleres Veracruz-Vacamonte 13/11 | K210: =IFERROR(DATEDIF(DATEVALUE(A210),TODAY(),"d"),"") -> 5 | L210: =IF(OR(E210="",H210="",H210="anotado sin numero"),"Sin info, no aplica",IF(I210="no","Cerrado, no volver a tocar",IF(I210="vendido","Cliente, no prospectar",IF(I210="respondio","Atender la conversacion hoy",IF(I210="enviado",IF(K210>=1,"Mandar seguimiento (24-48h)","Esperar respuesta"),"Enviar primer mensaje"))))) -> Enviar primer mensaje | M210: =IF(OR(L210="Sin info, no aplica",L210="Cerrado, no volver a tocar",L210="Cliente, no prospectar"),"",IF(I210="enviado",DATEVALUE(A210)+2,IF(I210="respondio",TODAY(),"")))
A211: 2026-10-01 | B211: Grupo Facil Taller, Gruas y Patio | C211: Taller y gruas | D211: Arraijan | E211: 13 | F211: 4.5 | G211: WhatsApp | H211: 6066-0334 | I211: pendiente | J211: talleres jueves; top2 talleres Arraijan 24/73 | K211: =IFERROR(DATEDIF(DATEVALUE(A211),TODAY(),"d"),"") -> 5 | L211: =IF(OR(E211="",H211="",H211="anotado sin numero"),"Sin info, no aplica",IF(I211="no","Cerrado, no volver a tocar",IF(I211="vendido","Cliente, no prospectar",IF(I211="respondio","Atender la conversacion hoy",IF(I211="enviado",IF(K211>=1,"Mandar seguimiento (24-48h)","Esperar respuesta"),"Enviar primer mensaje"))))) -> Enviar primer mensaje | M211: =IF(OR(L211="Sin info, no aplica",L211="Cerrado, no volver a tocar",L211="Cliente, no prospectar"),"",IF(I211="enviado",DATEVALUE(A211)+2,IF(I211="respondio",TODAY(),"")))
A212: 2026-10-01 | B212: Llanteria A & R | C212: Llanteria | D212: Chapala (Arraijan) | E212: 13 | F212: 5 | G212: WhatsApp | H212: 6401-2863 | I212: pendiente | J212: talleres jueves; top2 alineacion Arraijan 94/52 | K212: =IFERROR(DATEDIF(DATEVALUE(A212),TODAY(),"d"),"") -> 5 | L212: =IF(OR(E212="",H212="",H212="anotado sin numero"),"Sin info, no aplica",IF(I212="no","Cerrado, no volver a tocar",IF(I212="vendido","Cliente, no prospectar",IF(I212="respondio","Atender la conversacion hoy",IF(I212="enviado",IF(K212>=1,"Mandar seguimiento (24-48h)","Esperar respuesta"),"Enviar primer mensaje"))))) -> Enviar primer mensaje | M212: =IF(OR(L212="Sin info, no aplica",L212="Cerrado, no volver a tocar",L212="Cliente, no prospectar"),"",IF(I212="enviado",DATEVALUE(A212)+2,IF(I212="respondio",TODAY(),"")))
A213: 2026-10-01 | B213: Electromecanica PROTON | C213: Electromecanica automotriz | D213: Arraijan | E213: 10 | F213: 4.5 | G213: WhatsApp | H213: 6226-4323 | I213: pendiente | J213: talleres jueves; top2 electricidad automotriz Arraijan 39/17 | K213: =IFERROR(DATEDIF(DATEVALUE(A213),TODAY(),"d"),"") -> 5 | L213: =IF(OR(E213="",H213="",H213="anotado sin numero"),"Sin info, no aplica",IF(I213="no","Cerrado, no volver a tocar",IF(I213="vendido","Cliente, no prospectar",IF(I213="respondio","Atender la conversacion hoy",IF(I213="enviado",IF(K213>=1,"Mandar seguimiento (24-48h)","Esperar respuesta"),"Enviar primer mensaje"))))) -> Enviar primer mensaje | M213: =IF(OR(L213="Sin info, no aplica",L213="Cerrado, no volver a tocar",L213="Cliente, no prospectar"),"",IF(I213="enviado",DATEVALUE(A213)+2,IF(I213="respondio",TODAY(),"")))
A214: 2026-10-01 | B214: Taller Resmoy | C214: Taller mecanico | D214: Arraijan (Panamericana) | E214: 1 | F214: 5 | G214: WhatsApp | H214: 6832-1015 | I214: pendiente | J214: talleres jueves; top2 electricidad automotriz Arraijan 39/17 | K214: =IFERROR(DATEDIF(DATEVALUE(A214),TODAY(),"d"),"") -> 5 | L214: =IF(OR(E214="",H214="",H214="anotado sin numero"),"Sin info, no aplica",IF(I214="no","Cerrado, no volver a tocar",IF(I214="vendido","Cliente, no prospectar",IF(I214="respondio","Atender la conversacion hoy",IF(I214="enviado",IF(K214>=1,"Mandar seguimiento (24-48h)","Esperar respuesta"),"Enviar primer mensaje"))))) -> Enviar primer mensaje | M214: =IF(OR(L214="Sin info, no aplica",L214="Cerrado, no volver a tocar",L214="Cliente, no prospectar"),"",IF(I214="enviado",DATEVALUE(A214)+2,IF(I214="respondio",TODAY(),"")))
A215: 2026-10-01 | B215: Reparaciones y Servicios Electromecanicos S.EP | C215: Electromecanica | D215: Arraijan | E215: 1 | F215: 5 | G215: WhatsApp | H215: 6485-3598 | I215: pendiente | J215: talleres jueves; top2 electricidad automotriz Arraijan 39/17 | K215: =IFERROR(DATEDIF(DATEVALUE(A215),TODAY(),"d"),"") -> 5 | L215: =IF(OR(E215="",H215="",H215="anotado sin numero"),"Sin info, no aplica",IF(I215="no","Cerrado, no volver a tocar",IF(I215="vendido","Cliente, no prospectar",IF(I215="respondio","Atender la conversacion hoy",IF(I215="enviado",IF(K215>=1,"Mandar seguimiento (24-48h)","Esperar respuesta"),"Enviar primer mensaje"))))) -> Enviar primer mensaje | M215: =IF(OR(L215="Sin info, no aplica",L215="Cerrado, no volver a tocar",L215="Cliente, no prospectar"),"",IF(I215="enviado",DATEVALUE(A215)+2,IF(I215="respondio",TODAY(),"")))
... A242: 2026-10-05 | B242: Meraki Salon & Barberia | C242: Centro de estetica | D242: La Chorrera (OnDGo) | E242: 7 | F242: 5 | G242: WhatsApp | H242: 6618-2377 | I242: pendiente | J242: lunes salones; dan bebida con el corte; top2 57/51 | K242: =IFERROR(DATEDIF(DATEVALUE(A242),TODAY(),"d"),"") -> 1 | L242: =IF(OR(E242="",H242="",H242="anotado sin numero"),"Sin info, no aplica",IF(I242="no","Cerrado, no volver a tocar",IF(I242="vendido","Cliente, no prospectar",IF(I242="respondio","Atender la conversacion hoy",IF(I242="enviado",IF(K242>=1,"Mandar seguimiento (24-48h)","Esperar respuesta"),"Enviar primer mensaje"))))) -> Enviar primer mensaje | M242: =IF(OR(L242="Sin info, no aplica",L242="Cerrado, no volver a tocar",L242="Cliente, no prospectar"),"",IF(I242="enviado",DATEVALUE(A242)+2,IF(I242="respondio",TODAY(),"")))
A243: 2026-10-05 | B243: Street Flow Barber Shop | C243: Barberia | D243: La Chorrera | E243: 13 | F243: 4.7 | H243: sin telefono en la ficha | I243: pendiente | J243: lunes barberias; ficha sin numero, solo g.page; buscar por redes o visita | K243: =IFERROR(DATEDIF(DATEVALUE(A243),TODAY(),"d"),"") -> 1 | L243: =IF(OR(E243="",H243="",H243="anotado sin numero"),"Sin info, no aplica",IF(I243="no","Cerrado, no volver a tocar",IF(I243="vendido","Cliente, no prospectar",IF(I243="respondio","Atender la conversacion hoy",IF(I243="enviado",IF(K243>=1,"Mandar seguimiento (24-48h)","Esperar respuesta"),"Enviar primer mensaje"))))) -> Enviar primer mensaje | M243: =IF(OR(L243="Sin info, no aplica",L243="Cerrado, no volver a tocar",L243="Cliente, no prospectar"),"",IF(I243="enviado",DATEVALUE(A243)+2,IF(I243="respondio",TODAY(),"")))
A244: 2026-10-05 | B244: Salon de Belleza Meyra | C244: Centro de estetica | D244: La Chorrera (Carr. Panamericana) | E244: 4 | F244: 4.8 | H244: sin telefono en la ficha | I244: pendiente | J244: lunes salones; ficha sin numero ni reclamar; visita | K244: =IFERROR(DATEDIF(DATEVALUE(A244),TODAY(),"d"),"") -> 1 | L244: =IF(OR(E244="",H244="",H244="anotado sin numero"),"Sin info, no aplica",IF(I244="no","Cerrado, no volver a tocar",IF(I244="vendido","Cliente, no prospectar",IF(I244="respondio","Atender la conversacion hoy",IF(I244="enviado",IF(K244>=1,"Mandar seguimiento (24-48h)","Esperar respuesta"),"Enviar primer mensaje"))))) -> Enviar primer mensaje | M244: =IF(OR(L244="Sin info, no aplica",L244="Cerrado, no volver a tocar",L244="Cliente, no prospectar"),"",IF(I244="enviado",DATEVALUE(A244)+2,IF(I244="respondio",TODAY(),"")))
A245: 2026-10-05 | B245: Kerlis Beauty Micropigmentacion | C245: Micropigmentacion | D245: Marbella (World Trade Center) | E245: 11 | F245: 5 | G245: WhatsApp | H245: 6534-3933 | I245: respondio | J245: ciudad centro 06-10; pidio precio 05-10 14:45; se paso precio y ubicacion 06-10 7:05 con foto; pendiente que elija placa $30 o Pack $50; pago por Yappy | K245: =IFERROR(DATEDIF(DATEVALUE(A245),TODAY(),"d"),"") -> 1 | L245: =IF(OR(E245="",H245="",H245="anotado sin numero"),"Sin info, no aplica",IF(I245="no","Cerrado, no volver a tocar",IF(I245="vendido","Cliente, no prospectar",IF(I245="respondio","Atender la conversacion hoy",IF(I245="enviado",IF(K245>=1,"Mandar seguimiento (24-48h)","Esperar respuesta"),"Enviar primer mensaje"))))) -> Atender la conversacion hoy | M245: =IF(OR(L245="Sin info, no aplica",L245="Cerrado, no volver a tocar",L245="Cliente, no prospectar"),"",IF(I245="enviado",DATEVALUE(A245)+2,IF(I245="respondio",TODAY(),""))) -> 46301
A246: 2026-10-05 | B246: Magia en tus cejas | C246: Maquillaje permanente | D246: Avenida Brasil | E246: 10 | F246: 5 | G246: WhatsApp | H246: 6713-8542 | I246: respondio | J246: ciudad centro 06-10; pidio mas informacion 06-10 7:45; se paso precio y enlace del sitio | K246: =IFERROR(DATEDIF(DATEVALUE(A246),TODAY(),"d"),"") -> 1 | L246: =IF(OR(E246="",H246="",H246="anotado sin numero"),"Sin info, no aplica",IF(I246="no","Cerrado, no volver a tocar",IF(I246="vendido","Cliente, no prospectar",IF(I246="respondio","Atender la conversacion hoy",IF(I246="enviado",IF(K246>=1,"Mandar seguimiento (24-48h)","Esperar respuesta"),"Enviar primer mensaje"))))) -> Atender la conversacion hoy | M246: =IF(OR(L246="Sin info, no aplica",L246="Cerrado, no volver a tocar",L246="Cliente, no prospectar"),"",IF(I246="enviado",DATEVALUE(A246)+2,IF(I246="respondio",TODAY(),""))) -> 46301
A247: 2026-10-05 | B247: Cejas pestanas Panama | C247: Centro de estetica | D247: Bella Vista (C. 65 Este) | E247: 10 | F247: 5 | G247: WhatsApp | H247: 6353-9894 | I247: pendiente | J247: tanda 2 Panama centro; cierra 5pm; top2 129/126 | K247: =IFERROR(DATEDIF(DATEVALUE(A247),TODAY(),"d"),"") -> 1 | L247: =IF(OR(E247="",H247="",H247="anotado sin numero"),"Sin info, no aplica",IF(I247="no","Cerrado, no volver a tocar",IF(I247="vendido","Cliente, no prospectar",IF(I247="respondio","Atender la conversacion hoy",IF(I247="enviado",IF(K247>=1,"Mandar seguimiento (24-48h)","Esperar respuesta"),"Enviar primer mensaje"))))) -> Enviar primer mensaje | M247: =IF(OR(L247="Sin info, no aplica",L247="Cerrado, no volver a tocar",L247="Cliente, no prospectar"),"",IF(I247="enviado",DATEVALUE(A247)+2,IF(I247="respondio",TODAY(),"")))
A248: 2026-10-05 | B248: Majo Belleza Beauty | C248: Tienda de belleza | D248: Paitilla (Plaza Pacifica) | E248: 11 | F248: 5 | G248: WhatsApp | H248: 6786-2844 | I248: pendiente | J248: tanda 2 Panama centro; contesta resenas; tiene web; lideres tiendas 168/157 | K248: =IFERROR(DATEDIF(DATEVALUE(A248),TODAY(),"d"),"") -> 1 | L248: =IF(OR(E248="",H248="",H248="anotado sin numero"),"Sin info, no aplica",IF(I248="no","Cerrado, no volver a tocar",IF(I248="vendido","Cliente, no prospectar",IF(I248="respondio","Atender la conversacion hoy",IF(I248="enviado",IF(K248>=1,"Mandar seguimiento (24-48h)","Esperar respuesta"),"Enviar primer mensaje"))))) -> Enviar primer mensaje | M248: =IF(OR(L248="Sin info, no aplica",L248="Cerrado, no volver a tocar",L248="Cliente, no prospectar"),"",IF(I248="enviado",DATEVALUE(A248)+2,IF(I248="respondio",TODAY(),"")))
A249: 2026-10-05 | B249: Pashe Spa (Megapolis y Sunset) | C249: Centro de estetica | D249: Megapolis Outlets y Via Israel | E249: 14 | F249: 4.8 | G249: WhatsApp | H249: 6632-5991 | I249: pendiente | J249: tanda 2 Panama centro; dos sedes mismo numero, Sunset con 1 resena; top2 129/126 | K249: =IFERROR(DATEDIF(DATEVALUE(A249),TODAY(),"d"),"") -> 1 | L249: =IF(OR(E249="",H249="",H249="anotado sin numero"),"Sin info, no aplica",IF(I249="no","Cerrado, no volver a tocar",IF(I249="vendido","Cliente, no prospectar",IF(I249="respondio","Atender la conversacion hoy",IF(I249="enviado",IF(K249>=1,"Mandar seguimiento (24-48h)","Esperar respuesta"),"Enviar primer mensaje"))))) -> Enviar primer mensaje | M249: =IF(OR(L249="Sin info, no aplica",L249="Cerrado, no volver a tocar",L249="Cliente, no prospectar"),"",IF(I249="enviado",DATEVALUE(A249)+2,IF(I249="respondio",TODAY(),"")))
A250: 2026-10-05 | B250: Agape Beauty Studio & Academy | C250: Centro de estetica | D250: Obarrio (Neo Plaza) | E250: 7 | F250: 5 | G250: WhatsApp | H250: 6505-1112 | I250: respondio | J250: ciudad centro 06-10; contesto 9:55; hubo confusion por error de tipeo, se reenvio explicacion con precios | K250: =IFERROR(DATEDIF(DATEVALUE(A250),TODAY(),"d"),"") -> 1 | L250: =IF(OR(E250="",H250="",H250="anotado sin numero"),"Sin info, no aplica",IF(I250="no","Cerrado, no volver a tocar",IF(I250="vendido","Cliente, no prospectar",IF(I250="respondio","Atender la conversacion hoy",IF(I250="enviado",IF(K250>=1,"Mandar seguimiento (24-48h)","Esperar respuesta"),"Enviar primer mensaje"))))) -> Atender la conversacion hoy | M250: =IF(OR(L250="Sin info, no aplica",L250="Cerrado, no volver a tocar",L250="Cliente, no prospectar"),"",IF(I250="enviado",DATEVALUE(A250)+2,IF(I250="respondio",TODAY(),""))) -> 46301
A251: 2026-10-05 | B251: Magic Beauty Spa | C251: Centro de estetica | D251: PH Tower One (C. Rep. de Uruguay) | E251: 5 | F251: 5 | G251: WhatsApp | H251: 6326-5649 | I251: pendiente | J251: tanda 2 Panama centro; ficha confirmada hace 9 semanas; top2 129/126 | K251: =IFERROR(DATEDIF(DATEVALUE(A251),TODAY(),"d"),"") -> 1 | L251: =IF(OR(E251="",H251="",H251="anotado sin numero"),"Sin info, no aplica",IF(I251="no","Cerrado, no volver a tocar",IF(I251="vendido","Cliente, no prospectar",IF(I251="respondio","Atender la conversacion hoy",IF(I251="enviado",IF(K251>=1,"Mandar seguimiento (24-48h)","Esperar respuesta"),"Enviar primer mensaje"))))) -> Enviar primer mensaje | M251: =IF(OR(L251="Sin info, no aplica",L251="Cerrado, no volver a tocar",L251="Cliente, no prospectar"),"",IF(I251="enviado",DATEVALUE(A251)+2,IF(I251="respondio",TODAY(),"")))
A252: 2026-10-05 | B252: LASH LAB | C252: Centro de estetica | D252: El Cangrejo (Edificio Aviv) | E252: 4 | F252: 5 | G252: WhatsApp | H252: 6336-3296 | I252: pendiente | J252: tanda 2 Panama centro; 2 resenas nuevas en semanas; top2 129/126 | K252: =IFERROR(DATEDIF(DATEVALUE(A252),TODAY(),"d"),"") -> 1 | L252: =IF(OR(E252="",H252="",H252="anotado sin numero"),"Sin info, no aplica",IF(I252="no","Cerrado, no volver a tocar",IF(I252="vendido","Cliente, no prospectar",IF(I252="respondio","Atender la conversacion hoy",IF(I252="enviado",IF(K252>=1,"Mandar seguimiento (24-48h)","Esperar respuesta"),"Enviar primer mensaje"))))) -> Enviar primer mensaje | M252: =IF(OR(L252="Sin info, no aplica",L252="Cerrado, no volver a tocar",L252="Cliente, no prospectar"),"",IF(I252="enviado",DATEVALUE(A252)+2,IF(I252="respondio",TODAY(),"")))
A253: 2026-10-05 | B253: Lash Brow Studio & Stetic | C253: Centro de estetica | D253: Bella Vista (C. 43 Este) | E253: 2 | F253: 5 | G253: WhatsApp | H253: 6854-8083 | I253: pendiente | J253: tanda 2 Panama centro; resenas de 3 anos; mujer empresaria; top2 129/126 | K253: =IFERROR(DATEDIF(DATEVALUE(A253),TODAY(),"d"),"") -> 1 | L253: =IF(OR(E253="",H253="",H253="anotado sin numero"),"Sin info, no aplica",IF(I253="no","Cerrado, no volver a tocar",IF(I253="vendido","Cliente, no prospectar",IF(I253="respondio","Atender la conversacion hoy",IF(I253="enviado",IF(K253>=1,"Mandar seguimiento (24-48h)","Esperar respuesta"),"Enviar primer mensaje"))))) -> Enviar primer mensaje | M253: =IF(OR(L253="Sin info, no aplica",L253="Cerrado, no volver a tocar",L253="Cliente, no prospectar"),"",IF(I253="enviado",DATEVALUE(A253)+2,IF(I253="respondio",TODAY(),"")))
A254: 2026-10-05 | B254: Bracho's Beauty Studio | C254: Maquillaje y estetica | D254: Panama (Evolution Towers) | E254: 2 | F254: 5 | G254: WhatsApp | H254: 6675-4730 | I254: pendiente | J254: tanda 2 Panama centro; tiene 2 fichas, la segunda 6489-8929 sin resenas; top2 129/126 | K254: =IFERROR(DATEDIF(DATEVALUE(A254),TODAY(),"d"),"") -> 1 | L254: =IF(OR(E254="",H254="",H254="anotado sin numero"),"Sin info, no aplica",IF(I254="no","Cerrado, no volver a tocar",IF(I254="vendido","Cliente, no prospectar",IF(I254="respondio","Atender la conversacion hoy",IF(I254="enviado",IF(K254>=1,"Mandar seguimiento (24-48h)","Esperar respuesta"),"Enviar primer mensaje"))))) -> Enviar primer mensaje | M254: =IF(OR(L254="Sin info, no aplica",L254="Cerrado, no volver a tocar",L254="Cliente, no prospectar"),"",IF(I254="enviado",DATEVALUE(A254)+2,IF(I254="respondio",TODAY(),"")))
A255: 2026-10-05 | B255: Attitude salon boutique | C255: Salon de belleza | D255: Panama centro | E255: 7 | F255: 5 | G255: llamada | H255: 284-2230 | I255: pendiente | J255: tanda 2 Panama centro; fijo sin WhatsApp | K255: =IFERROR(DATEDIF(DATEVALUE(A255),TODAY(),"d"),"") -> 1 | L255: =IF(OR(E255="",H255="",H255="anotado sin numero"),"Sin info, no aplica",IF(I255="no","Cerrado, no volver a tocar",IF(I255="vendido","Cliente, no prospectar",IF(I255="respondio","Atender la conversacion hoy",IF(I255="enviado",IF(K255>=1,"Mandar seguimiento (24-48h)","Esperar respuesta"),"Enviar primer mensaje"))))) -> Enviar primer mensaje | M255: =IF(OR(L255="Sin info, no aplica",L255="Cerrado, no volver a tocar",L255="Cliente, no prospectar"),"",IF(I255="enviado",DATEVALUE(A255)+2,IF(I255="respondio",TODAY(),"")))
A256: 2026-10-05 | B256: Fonda Quiquin | C256: Fonda | D256: Vista Alegre (Arraijan) | E256: 8 | F256: 4.9 | G256: WhatsApp | H256: 6731-1280 | I256: pendiente | J256: vendedora 1 lista 05-10; contesta resenas; abre 4:30am; Vista Alegre Grill cerca con 125 | K256: =IFERROR(DATEDIF(DATEVALUE(A256),TODAY(),"d"),"") -> 1 | L256: =IF(OR(E256="",H256="",H256="anotado sin numero"),"Sin info, no aplica",IF(I256="no","Cerrado, no volver a tocar",IF(I256="vendido","Cliente, no prospectar",IF(I256="respondio","Atender la conversacion hoy",IF(I256="enviado",IF(K256>=1,"Mandar seguimiento (24-48h)","Esperar respuesta"),"Enviar primer mensaje"))))) -> Enviar primer mensaje | M256: =IF(OR(L256="Sin info, no aplica",L256="Cerrado, no volver a tocar",L256="Cliente, no prospectar"),"",IF(I256="enviado",DATEVALUE(A256)+2,IF(I256="respondio",TODAY(),"")))
... A280: 2026-10-06 | B280: La Printeria | C280: Imprenta | D280: C. 52 Este | E280: 2 | F280: 5 | G280: llamada | H280: 388-3256 | I280: pendiente | J280: ciudad centro 06-10; fijo sin WhatsApp | K280: =IFERROR(DATEDIF(DATEVALUE(A280),TODAY(),"d"),"") -> 0 | L280: =IF(OR(E280="",H280="",H280="anotado sin numero"),"Sin info, no aplica",IF(I280="no","Cerrado, no volver a tocar",IF(I280="vendido","Cliente, no prospectar",IF(I280="respondio","Atender la conversacion hoy",IF(I280="enviado",IF(K280>=1,"Mandar seguimiento (24-48h)","Esperar respuesta"),"Enviar primer mensaje"))))) -> Enviar primer mensaje | M280: =IF(OR(L280="Sin info, no aplica",L280="Cerrado, no volver a tocar",L280="Cliente, no prospectar"),"",IF(I280="enviado",DATEVALUE(A280)+2,IF(I280="respondio",TODAY(),"")))

Sheet Como usarlo
A1: Como usarlo
A3: Columna que editas | B3: Estado (columna I). Todo lo demas se calcula solo.
A4: Valores de Estado | B4: pendiente / enviado / respondio / vendido / no
A6: Que hace cada valor
A7: pendiente | B7: Todavia no le has escrito. Accion: enviar el primer mensaje.
A8: enviado | B8: Ya mandaste el primero. A las 24 o 48 horas toca el seguimiento, uno solo.
A9: respondio | B9: Te contesto. Accion: atenderlo hoy mismo, responder en menos de 90 segundos sostiene la conversacion en 50 a 60% de los casos.
A10: vendido | B10: Ya compro. Sale de prospeccion.
A11: no | B11: No contesto el seguimiento o cerro. No se vuelve a tocar.
A13: Regla de los que no tienen info | B13: Si la fila no tiene numero de resenas o no tiene contacto, la columna Accion dice "Sin info, no aplica" y no se le arma seguimiento. Primero hay que completar el dato en Maps.
A15: Limite diario | B15: 10 a 15 mensajes enviados a mano. Mas que eso, o automatizado, y WhatsApp bloquea el numero.
A16: Fuente | B16: PROSPECCION.md, seccion 5 del proyecto NFC. Exportado el 2026-10-06.

Sheet Resumen
A1: Estado | B1: Negocios
A2: pendiente | B2: =COUNTIF(Clientes!$I$2:$I$280,A2) -> 266
A3: enviado | B3: =COUNTIF(Clientes!$I$2:$I$280,A3) -> 0
A4: respondio | B4: =COUNTIF(Clientes!$I$2:$I$280,A4) -> 10
A5: vendido | B5: =COUNTIF(Clientes!$I$2:$I$280,A5) -> 1
A6: no | B6: =COUNTIF(Clientes!$I$2:$I$280,A6) -> 2
A7: Sin info (no aplica) | B7: =COUNTIF(Clientes!$L$2:$L$280,"Sin info, no aplica") -> 13
A8: Total | B8: =COUNTA(Clientes!$B$2:$B$280) -> 279
